--
-- Script was generated by Devart dbForge Studio 2019 for MySQL, Version 8.2.23.0
-- Product home page: http://www.devart.com/dbforge/mysql/studio
-- Script date 10/03/2023 11:30:11
-- Server version: 5.5.5-10.4.24-MariaDB
-- Client version: 4.1
--

-- 
-- Disable foreign keys
-- 
/*!40014 SET @OLD_FOREIGN_KEY_CHECKS=@@FOREIGN_KEY_CHECKS, FOREIGN_KEY_CHECKS=0 */;

-- 
-- Set SQL mode
-- 
/*!40101 SET @OLD_SQL_MODE=@@SQL_MODE, SQL_MODE='NO_AUTO_VALUE_ON_ZERO' */;

-- 
-- Set character set the client will use to send SQL statements to the server
--
SET NAMES 'utf8';

--
-- Set default database
--
USE pindad;

--
-- Drop table `divisi`
--
DROP TABLE IF EXISTS divisi;

--
-- Drop table `jabatan`
--
DROP TABLE IF EXISTS jabatan;

--
-- Drop table `level`
--
DROP TABLE IF EXISTS level;

--
-- Drop table `mst_menu`
--
DROP TABLE IF EXISTS mst_menu;

--
-- Drop table `mst_submenu`
--
DROP TABLE IF EXISTS mst_submenu;

--
-- Drop table `users`
--
DROP TABLE IF EXISTS users;

--
-- Drop table `user_access_menu`
--
DROP TABLE IF EXISTS user_access_menu;

--
-- Set default database
--
USE pindad;

--
-- Create table `user_access_menu`
--
CREATE TABLE user_access_menu (
  ID int(11) NOT NULL AUTO_INCREMENT,
  MenuID int(11) DEFAULT NULL,
  SubmenuID int(11) DEFAULT NULL,
  UserID int(11) DEFAULT NULL,
  View tinyint(4) DEFAULT NULL,
  `Add` tinyint(4) DEFAULT NULL,
  Edit tinyint(4) DEFAULT NULL,
  `Delete` tinyint(4) DEFAULT NULL,
  UserAdded int(11) DEFAULT NULL,
  DateAdded datetime DEFAULT NULL,
  UserUpdate int(11) DEFAULT NULL,
  DateUpdate datetime DEFAULT NULL,
  PRIMARY KEY (ID)
)
ENGINE = INNODB,
AUTO_INCREMENT = 4,
AVG_ROW_LENGTH = 5461,
CHARACTER SET utf8mb4,
COLLATE utf8mb4_general_ci;

--
-- Create index `UserID` on table `user_access_menu`
--
ALTER TABLE user_access_menu
ADD INDEX UserID (UserID);

--
-- Create table `users`
--
CREATE TABLE users (
  ID int(11) NOT NULL AUTO_INCREMENT,
  Nama varchar(50) DEFAULT NULL,
  Alamat text DEFAULT NULL,
  Jabatan varchar(20) DEFAULT NULL,
  Divisi varchar(20) DEFAULT NULL,
  NoHP varchar(16) DEFAULT NULL,
  JenisKelamin varchar(15) DEFAULT NULL,
  GolonganDarah varchar(5) DEFAULT NULL,
  Email varchar(30) DEFAULT NULL,
  Password varchar(30) DEFAULT NULL,
  Level varchar(10) DEFAULT NULL,
  Active int(11) DEFAULT NULL,
  DateAdded datetime DEFAULT NULL,
  UserAdded varchar(10) DEFAULT NULL,
  DateUpdate datetime DEFAULT NULL,
  UserUpdate varchar(10) DEFAULT NULL,
  PRIMARY KEY (ID)
)
ENGINE = INNODB,
AUTO_INCREMENT = 5,
AVG_ROW_LENGTH = 4096,
CHARACTER SET utf8mb4,
COLLATE utf8mb4_general_ci;

--
-- Create table `mst_submenu`
--
CREATE TABLE mst_submenu (
  ID int(11) NOT NULL AUTO_INCREMENT,
  MenuID int(11) DEFAULT NULL,
  Submenu varchar(255) DEFAULT NULL,
  Link varchar(255) DEFAULT NULL,
  Icon varchar(255) DEFAULT NULL,
  Type varchar(255) DEFAULT NULL,
  Active tinyint(4) DEFAULT NULL,
  PRIMARY KEY (ID)
)
ENGINE = INNODB,
AUTO_INCREMENT = 6,
AVG_ROW_LENGTH = 3276,
CHARACTER SET utf8mb4,
COLLATE utf8mb4_general_ci;

--
-- Create table `mst_menu`
--
CREATE TABLE mst_menu (
  ID int(11) NOT NULL AUTO_INCREMENT,
  Menu varchar(255) DEFAULT NULL,
  Active varchar(255) DEFAULT NULL,
  PRIMARY KEY (ID)
)
ENGINE = INNODB,
AUTO_INCREMENT = 4,
AVG_ROW_LENGTH = 5461,
CHARACTER SET utf8mb4,
COLLATE utf8mb4_general_ci;

--
-- Create table `level`
--
CREATE TABLE level (
  ID int(11) NOT NULL AUTO_INCREMENT,
  Nama varchar(25) DEFAULT NULL,
  Active int(11) DEFAULT NULL,
  UserAdded int(11) DEFAULT NULL,
  DateAdded datetime DEFAULT NULL,
  UserUpdate int(11) DEFAULT NULL,
  DateUpdate datetime DEFAULT NULL,
  PRIMARY KEY (ID)
)
ENGINE = INNODB,
AUTO_INCREMENT = 5,
AVG_ROW_LENGTH = 4096,
CHARACTER SET utf8mb4,
COLLATE utf8mb4_general_ci;

--
-- Create table `jabatan`
--
CREATE TABLE jabatan (
  ID int(11) NOT NULL,
  JabatanNum int(11) NOT NULL,
  Nama int(11) NOT NULL,
  Active int(11) NOT NULL,
  DateAdded int(11) NOT NULL,
  UserAdded int(11) NOT NULL,
  DateUpdate int(11) NOT NULL,
  UserUpdate int(11) NOT NULL
)
ENGINE = INNODB,
CHARACTER SET utf8mb4,
COLLATE utf8mb4_general_ci;

--
-- Create table `divisi`
--
CREATE TABLE divisi (
  ID int(11) NOT NULL AUTO_INCREMENT,
  DivisiNum varchar(10) DEFAULT NULL,
  Nama varchar(30) DEFAULT NULL,
  Active int(11) DEFAULT NULL,
  DateAdded datetime DEFAULT NULL,
  UserAdded varchar(10) DEFAULT NULL,
  DateUpdate datetime DEFAULT NULL,
  UserUpdate varchar(10) DEFAULT NULL,
  PRIMARY KEY (ID)
)
ENGINE = INNODB,
CHARACTER SET utf8mb4,
COLLATE utf8mb4_general_ci;

-- 
-- Dumping data for table user_access_menu
--
INSERT INTO user_access_menu VALUES
(1, 1, 1, 1, 1, 0, 0, 0, 1, '2023-03-10 09:08:26', NULL, NULL),
(2, 2, 2, 1, 1, 1, 1, 1, 1, '2023-03-10 09:08:21', NULL, NULL),
(3, 2, 3, 1, 1, 1, 1, 1, 1, '2023-03-10 09:08:44', NULL, NULL);

-- 
-- Dumping data for table users
--
INSERT INTO users VALUES
(1, 'Super Admin', NULL, NULL, NULL, NULL, NULL, NULL, 'superadmin@gmail.com', 'superadmin', '1', 1, '2023-03-08 16:40:49', '1', '2023-03-08 16:40:49', '1'),
(2, 'Admin Passenger', NULL, NULL, NULL, NULL, NULL, NULL, 'adminpassenger@gmail.com', 'adminpassenger', '2', 1, '2023-03-08 16:41:37', '1', '2023-03-08 16:41:37', '1'),
(3, 'Admin Trucking', NULL, NULL, NULL, NULL, NULL, NULL, 'admintrucking@gmail.com', 'admintrucking', '3', 1, '2023-03-08 16:52:39', '1', '2023-03-08 16:52:39', '1'),
(4, 'Suroso', NULL, NULL, NULL, NULL, NULL, NULL, 'suroso@gmail.com', 'suroso', '4', 1, '2023-03-08 16:53:39', '1', '2023-03-08 16:53:39', '1');

-- 
-- Dumping data for table mst_submenu
--
INSERT INTO mst_submenu VALUES
(1, 1, 'Dashboard', '/', 'fas fa-tachometer-alt', 'Side', 1),
(2, 2, 'Order List', '/order-list', 'fa-solid fa-list', 'Side', 1),
(3, 2, 'Driver Schedule', '/driver-schedules', 'fa-solid fa-clipboard-list', 'Side', 1),
(4, 2, 'Documents', '/documents', 'fa-regular fa-file', 'Side', 1),
(5, 2, 'Invoices', '/invoices', 'fa-solid fa-file-invoice', 'Side', 1);

-- 
-- Dumping data for table mst_menu
--
INSERT INTO mst_menu VALUES
(1, 'Admin', '1'),
(2, 'Menus', '1'),
(3, 'Settings', '0');

-- 
-- Dumping data for table level
--
INSERT INTO level VALUES
(1, 'Super Admin', 1, 1, '2023-03-08 16:45:29', 1, '2023-03-08 16:45:29'),
(2, 'Admin Passenger', 1, 1, '2023-03-08 16:45:29', 1, '2023-03-08 16:45:29'),
(3, 'Admin Trucking', 1, 1, '2023-03-08 16:46:03', 1, '2023-03-08 16:46:03'),
(4, 'User', 1, 1, '2023-03-08 16:46:49', 1, '2023-03-08 16:46:49');

-- 
-- Dumping data for table jabatan
--
-- Table pindad.jabatan does not contain any data (it is empty)

-- 
-- Dumping data for table divisi
--
-- Table pindad.divisi does not contain any data (it is empty)

-- 
-- Restore previous SQL mode
-- 
/*!40101 SET SQL_MODE=@OLD_SQL_MODE */;

-- 
-- Enable foreign keys
-- 
/*!40014 SET FOREIGN_KEY_CHECKS = @OLD_FOREIGN_KEY_CHECKS */;